{
	"level" : {
		"1": {
			"content" : [
				0,0,1,1,1,0,0,0,
				0,0,1,3,1,0,0,0,
				0,0,1,2,1,1,1,1,
				1,1,1,4,2,4,3,1,
				1,3,2,4,2,1,1,1,
				1,1,1,1,4,1,0,0,
				0,0,0,1,3,1,0,0,
				0,0,0,1,1,1,0,0
			],
			
			"allRow" : 8,  
			"allCol" : 8,
			"heroRow" : 4,
			"heroCol" : 4,
			"allBox" : 4
		},

		"2": {
			"content" : [
				1,1,1,1,1,0,0,0,0,
				1,2,2,2,1,0,0,0,0,
				1,2,4,4,1,0,1,1,1,
				1,2,4,2,1,0,1,3,1,
				1,1,1,2,1,1,1,3,1,
				0,1,1,2,2,2,2,3,1,
				0,1,2,2,2,1,2,2,1,
				0,1,2,2,2,1,1,1,1,
				0,1,1,1,1,1,0,0,0
			],
			
			"allRow" : 9,  
			"allCol" : 9,
			"heroRow" : 1,
			"heroCol" : 1,
			"allBox" : 3
		},

		"3": {
			"content" : [
				0,1,1,1,1,1,1,1,0,0,
				0,1,2,2,2,2,2,1,1,1,
				1,1,4,1,1,1,2,2,2,1,
				1,2,2,2,4,2,2,4,2,1,
				1,2,3,3,1,2,4,2,1,1,
				1,1,3,3,1,2,2,2,1,0,
				0,1,1,1,1,1,1,1,1,0
			],
			
			"allRow" : 7,  
			"allCol" : 10,
			"heroRow" : 3,
			"heroCol" : 2,
			"allBox" : 4
		},

		"4": {
			"content" : [
				0,1,1,1,1,0,
				1,1,2,2,1,0,
				1,2,4,2,1,0,
				1,1,4,2,1,1,
				1,1,2,4,2,1,
				1,3,4,2,2,1,
				1,3,3,5,3,1,
				1,1,1,1,1,1
			],
			
			"allRow" : 8,  
			"allCol" : 6,
			"heroRow" : 2,
			"heroCol" : 1,
			"allBox" :5
		},

		"5": {
			"content" : [
				0,1,1,1,1,1,0,0,
				0,1,2,2,1,1,1,0,
				0,1,2,4,2,2,1,0,
				1,1,1,2,1,2,1,1,
				1,3,1,2,1,2,2,1,
				1,3,4,2,2,1,2,1,
				1,3,2,2,2,4,2,1,
				1,1,1,1,1,1,1,1
			],
			
			"allRow" : 8,  
			"allCol" : 8,
			"heroRow" : 1,
			"heroCol" : 2,
			"allBox" : 3
		},

		"6": {
			"content" : [
				0,0,0,1,1,1,1,1,1,1,0,0,0,
				1,1,1,1,2,2,2,2,2,1,0,0,0,
				1,2,2,2,3,1,1,1,2,1,0,0,0,
				1,2,1,2,1,2,2,2,2,1,1,0,0,
				1,2,1,2,4,2,4,1,3,2,1,0,0,
				1,2,1,2,2,5,2,2,1,2,1,0,0,
				1,2,3,1,4,2,4,2,1,2,1,0,0,
				1,1,2,2,2,2,1,2,1,2,1,1,1,
				0,1,2,1,1,1,3,2,2,2,2,2,1,
				0,1,2,2,2,2,2,1,1,2,2,2,1,
				0,1,1,1,1,1,1,1,1,1,1,1,1
			],
			
			"allRow" : 11,  
			"allCol" : 13,
			"heroRow" : 8,
			"heroCol" : 11,
			"allBox" : 5
		},
		"7": {
			"content" : [
				0,0,0,1,1,1,1,1,1,1,
				0,0,1,1,2,2,1,2,2,1,
				0,0,1,2,2,2,1,2,2,1,
				0,0,1,4,2,4,2,4,2,1,
				0,0,1,2,4,1,1,2,2,1,
				1,1,1,2,4,2,1,2,1,1,
				1,3,3,3,3,3,2,2,1,0,
				1,1,1,1,1,1,1,1,1,0
			],
			
			"allRow" : 8,  
			"allCol" : 10,
			"heroRow" : 1,
			"heroCol" : 8,
			"allBox" : 5
		},
		"8": {
			"content" : [
				0,0,0,1,1,1,1,1,1,0,
				0,1,1,1,2,2,2,2,1,0,
				1,1,3,2,4,1,1,2,1,1,
				1,3,3,4,2,4,2,2,2,1,
				1,3,3,2,4,2,4,2,1,1,
				1,1,1,1,1,1,2,2,1,0,
				0,0,0,0,0,1,1,1,1,0
			],
			
			"allRow" : 7,  
			"allCol" : 10,
			"heroRow" : 3,
			"heroCol" : 8,
			"allBox" : 5
		},
		"9": {
			"content" : [
				0,1,1,1,1,1,1,1,1,1,0,
				0,1,2,2,1,1,2,2,2,1,0,
				0,1,2,2,2,4,2,2,2,1,0,
				0,1,4,2,1,1,1,2,4,1,0,
				0,1,2,1,3,3,3,1,2,1,0,
				1,1,2,1,3,3,3,1,2,1,1,
				1,2,4,2,2,4,2,2,4,2,1,
				1,2,2,2,2,2,1,2,2,2,1,
				1,1,1,1,1,1,1,1,1,1,1
			],
			
			"allRow" : 9,  
			"allCol" : 11,
			"heroRow" : 7,
			"heroCol" : 8,
			"allBox" : 6
		},
		"10": {
			"content" : [
				0,0,1,1,1,1,1,1,
				0,0,1,2,2,2,2,1,
				1,1,1,4,4,4,2,1,
				1,2,2,4,3,3,2,1,
				1,2,4,3,3,3,1,1,
				1,1,1,1,2,2,1,0,
				0,0,0,1,1,1,1,0
			],
			
			"allRow" : 7,  
			"allCol" : 8,
			"heroRow" : 3,
			"heroCol" : 1,
			"allBox" : 5
		},
		"11": {
			"content" : [
				0,1,1,1,1,0,0,1,1,1,1,1,
				1,1,2,2,1,0,0,1,2,2,2,1,
				1,2,4,2,1,1,1,1,4,2,2,1,
				1,2,2,4,3,3,3,3,2,4,2,1,
				1,1,2,2,2,2,1,2,2,2,1,1,
				0,1,1,1,1,1,1,1,1,1,1,0
			],
			
			"allRow" : 6,  
			"allCol" : 12,
			"heroRow" : 4,
			"heroCol" : 8,
			"allBox" : 4
		},
		"12": {
			"content" : [
				0,0,1,1,1,1,1,0,
				1,1,1,2,2,2,1,0,
				1,2,2,4,3,2,1,1,
				1,2,2,3,4,3,2,1,
				1,1,1,2,5,4,2,1,
				0,0,1,2,2,2,1,1,
				0,0,1,1,1,1,1,0
			],
			
			"allRow" : 7,  
			"allCol" : 8,
			"heroRow" : 1,
			"heroCol" : 5,
			"allBox" : 4
		},
		"13": {
			"content" : [
				0,0,1,1,1,1,0,0,
				0,0,1,3,3,1,0,0,
				0,1,1,2,3,1,1,0,
				0,1,2,2,4,3,1,0,
				1,1,2,4,2,2,1,1,
				1,2,2,1,4,4,2,1,
				1,2,2,2,2,2,2,1,
				1,1,1,1,1,1,1,1
			],
			
			"allRow" : 8,  
			"allCol" : 8,
			"heroRow" : 6,
			"heroCol" : 3,
			"allBox" : 4
		},
		"14": {
			"content" : [
				1,1,1,1,1,1,1,1,
				1,2,2,1,2,2,2,1,
				1,2,4,3,3,4,2,1,
				1,2,4,3,5,2,1,1,
				1,2,4,3,3,4,2,1,
				1,2,2,1,2,2,2,1,
				1,1,1,1,1,1,1,1
			],
			
			"allRow" : 7,  
			"allCol" : 8,
			"heroRow" : 3,
			"heroCol" : 1,
			"allBox" : 6
		},
		"15": {
			"content" : [
				0,1,1,1,1,1,1,1,
				1,1,2,2,2,2,1,0,
				1,2,4,2,4,4,2,1,
				1,3,3,3,3,3,3,1,
				1,2,4,4,2,4,2,1,
				1,1,1,2,2,1,1,1,
				0,0,1,1,1,1,0,0
			],
			
			"allRow" : 7,  
			"allCol" : 8,
			"heroRow" : 5,
			"heroCol" : 4,
			"allBox" : 6
		},
		"16": {
			"content" : [
				0,0,1,1,1,1,1,1,0,0,
				0,0,1,2,2,2,2,1,1,1,
				0,0,1,2,4,2,2,2,2,1,
				1,1,1,2,4,2,1,1,2,1,
				1,3,3,3,2,4,2,2,2,1,
				1,3,3,3,4,1,4,2,1,1,
				1,1,1,1,2,1,2,4,2,1,
				0,0,0,1,2,2,2,2,2,1,
				0,0,0,1,1,1,1,1,1,1
			],
			
			"allRow" : 9,  
			"allCol" : 10,
			"heroRow" : 7,
			"heroCol" : 6,
			"allBox" : 6
		},
		"17": {
			"content" : [
				1,1,1,1,1,1,0,0,0,
				1,2,2,2,2,1,0,0,0,
				1,2,4,4,4,1,1,0,0,
				1,2,2,1,3,3,1,1,1,
				1,1,2,2,3,3,4,2,1,
				0,1,2,2,2,2,2,2,1,
				0,1,1,1,1,1,1,1,1
			],
			
			"allRow" : 7,  
			"allCol" : 9,
			"heroRow" : 5,
			"heroCol" : 3,
			"allBox" : 4
		},
		"18": {
			"content" : [
				0,0,1,1,1,1,1,1,1,1,
				0,0,1,2,2,2,1,3,2,1,
				0,1,1,2,2,4,3,3,3,1,
				0,1,2,2,4,2,1,5,3,1,
				1,1,2,1,1,4,1,2,1,1,
				1,2,2,2,4,2,2,4,2,1,
				1,2,2,2,1,2,2,2,2,1,
				1,1,1,1,1,1,1,2,2,1,
				0,0,0,0,0,0,1,1,1,1
			],
			
			"allRow" : 9,  
			"allCol" : 10,
			"heroRow" : 7,
			"heroCol" : 7,
			"allBox" : 6
		},
		"19": {
			"content" : [
				0,1,1,1,1,1,1,1,0,0,
				0,1,3,3,3,3,2,1,0,0,
				1,1,1,3,3,3,4,1,1,1,
				1,2,2,4,1,4,2,4,2,1,
				1,2,4,4,2,2,1,4,2,1,
				1,2,2,2,2,1,2,2,2,1,
				1,1,1,1,2,2,2,1,1,1,
				0,0,0,1,1,1,1,1,0,0
			],
			
			"allRow" : 8,  
			"allCol" : 10,
			"heroRow" : 6,
			"heroCol" : 5,
			"allBox" : 7
		},
		"20": {
			"content" : [
				1,1,1,1,1,1,1,
				1,3,3,4,3,3,1,
				1,3,3,1,3,3,1,
				1,2,4,4,4,2,1,
				1,2,2,4,2,2,1,
				1,2,4,4,4,2,1,
				1,2,2,1,2,2,1,
				1,1,1,1,1,1,1
			],
			
			"allRow" : 8,  
			"allCol" : 7,
			"heroRow" : 6,
			"heroCol" : 4,
			"allBox" : 8
		},
		"21": {
			"content" : [
				0,0,0,1,1,1,1,1,1,0,0,
				0,0,0,1,2,3,3,3,1,0,0,
				1,1,1,1,3,3,3,3,1,0,0,
				1,2,2,1,1,1,4,2,1,1,1,
				1,2,4,2,4,2,2,4,4,2,1,
				1,2,2,4,2,4,2,2,2,2,1,
				1,2,2,2,1,1,1,2,2,2,1,
				1,1,1,1,1,0,1,1,1,1,1
			],
			
			"allRow" : 8,  
			"allCol" : 11,
			"heroRow" : 5,
			"heroCol" : 1,
			"allBox" : 7
		},
		"22": {
			"content" : [
				1,1,1,1,1,1,1,1,0,
				1,2,2,2,2,2,2,1,0,
				1,2,1,4,4,2,2,1,0,
				1,2,3,3,3,1,2,1,0,
				1,1,3,3,3,4,2,1,1,
				0,1,2,1,1,2,4,2,1,
				0,1,4,2,2,4,2,2,1,
				0,1,2,2,1,2,2,2,1,
				0,1,1,1,1,1,1,1,1
			],
			
			"allRow" : 9,  
			"allCol" : 9,
			"heroRow" : 7,
			"heroCol" : 7,
			"allBox" : 6
		},
		"23": {
			"content" : [
				0,0,1,1,1,1,1,0,0,0,
				1,1,1,2,2,2,1,1,1,1,
				1,2,2,2,4,2,4,2,2,1,
				1,2,4,2,2,2,4,2,2,1,
				1,1,1,4,4,1,1,1,1,1,
				0,0,1,2,2,3,3,1,0,0,
				0,0,1,3,3,3,3,1,0,0,
				0,0,1,1,1,1,1,1,0,0
			],
			
			"allRow" : 8,  
			"allCol" : 10,
			"heroRow" : 3,
			"heroCol" : 8,
			"allBox" : 6
		},
		"24": {
			"content" : [
				1,1,1,1,1,1,0,0,0,1,1,1,1,1,
				1,2,2,2,2,1,1,1,0,1,2,2,3,1,
				1,2,2,4,2,4,2,1,0,1,3,3,3,1,
				1,2,1,2,2,4,2,1,1,1,2,2,3,1,
				1,2,2,4,4,4,2,2,2,4,2,2,3,1,
				1,1,1,2,2,4,2,2,4,1,2,2,3,1,
				0,0,1,2,2,4,1,4,2,1,3,3,3,1,
				0,0,1,1,2,2,2,2,2,1,2,2,3,1,
				0,0,0,1,1,1,1,1,1,1,1,1,1,1
			],
			
			"allRow" : 9,  
			"allCol" : 14,
			"heroRow" : 4,
			"heroCol" : 11,
			"allBox" : 11
		},
		"25": {
			"content" : [
				0,0,0,0,0,1,1,1,1,1,1,
				0,1,1,1,1,1,3,2,2,2,1,
				0,1,2,2,1,3,3,1,1,2,1,
				0,1,2,2,4,3,3,2,2,2,1,
				0,1,2,2,1,2,3,1,2,1,1,
				1,1,1,2,1,1,4,1,2,2,1,
				1,2,4,2,2,2,2,4,4,2,1,
				1,2,1,4,1,2,2,1,2,2,1,
				1,2,2,2,1,1,1,1,1,1,1,
				1,1,1,1,1,0,0,0,0,0,0
			],
			
			"allRow" : 10,  
			"allCol" : 11,
			"heroRow" : 8,
			"heroCol" : 1,
			"allBox" : 6
		},
		"26": {
			"content" : [
				0,1,1,1,1,1,1,1,1,1,0,0,0,
				0,1,2,2,2,1,1,2,2,1,1,1,1,
				0,1,2,4,2,2,2,2,2,2,2,2,1,
				0,1,1,4,1,1,1,2,1,1,2,2,1,
				0,1,2,2,1,1,2,5,2,1,2,1,1,
				0,1,2,4,3,3,3,3,3,3,2,1,0,
				1,1,2,1,1,1,2,3,2,1,2,1,0,
				1,2,2,2,2,2,4,1,1,1,4,1,0,
				1,2,2,2,1,2,2,2,2,4,2,1,0,
				1,1,1,1,1,4,1,2,1,1,1,1,0,
				0,0,0,0,1,2,2,2,1,0,0,0,0,
				0,0,0,0,1,1,1,1,1,0,0,0,0
			],
			
			"allRow" : 12,  
			"allCol" : 13,
			"heroRow" : 8,
			"heroCol" : 10,
			"allBox" : 8
		},
		"27": {
			"content" : [
				0,0,0,0,0,0,1,1,1,1,1,1,1,1,1,
				0,0,0,0,0,0,1,2,2,2,2,2,2,2,1,
				0,0,0,0,0,0,1,2,1,2,1,2,1,2,1,
				0,0,0,0,0,0,1,2,2,4,2,4,1,2,1,
				1,1,1,1,1,1,1,2,2,2,4,2,2,2,1,
				1,3,3,1,2,2,1,1,2,4,2,4,1,2,1,
				1,3,3,2,2,2,1,1,2,4,2,4,2,2,1,
				1,3,3,1,2,2,1,1,2,1,1,1,1,1,1,
				1,3,3,1,2,1,2,4,2,4,2,1,0,0,0,
				1,3,3,2,2,2,2,2,4,2,2,1,0,0,0,
				1,2,2,1,1,1,2,2,2,1,1,1,0,0,0,
				1,1,1,1,0,1,1,1,1,1,0,0,0,0,0
			],
			
			"allRow" : 12,  
			"allCol" : 15,
			"heroRow" : 10,
			"heroCol" : 7,
			"allBox" : 10
		},
		"28": {
			"content" : [
				0,0,0,0,1,1,1,1,0,0,0,0,0,0,0,0,
				1,1,1,1,1,2,2,1,0,0,0,0,0,0,0,0,
				1,2,2,4,2,4,2,1,0,1,1,1,1,1,1,1,
				1,2,2,2,4,2,2,1,0,1,5,3,5,3,5,1,
				1,1,2,4,2,4,2,1,1,1,3,5,3,5,3,1,
				0,1,4,2,4,2,2,1,2,2,5,3,5,3,5,1,
				0,1,2,4,2,4,2,2,2,2,3,5,3,5,1,1,
				0,1,4,2,4,2,2,1,2,2,5,3,5,3,5,1,
				1,1,2,4,2,4,2,1,1,1,3,5,3,5,3,1,
				1,2,2,2,4,2,2,1,0,1,5,3,5,3,5,1,
				1,2,2,4,2,4,2,1,0,1,1,1,1,1,1,1,
				1,1,1,1,1,2,2,1,0,0,0,0,0,0,0,0,
				0,0,0,0,1,1,1,1,0,0,0,0,0,0,0,0
			],
			
			"allRow" : 13,  
			"allCol" : 16,
			"heroRow" : 6,
			"heroCol" : 2,
			"allBox" : 34
		},
		"29": {
			"content" : [
				1,1,1,1,1,1,1,1,0,
				1,3,3,3,3,3,3,1,0,
				1,2,2,4,2,1,2,1,1,
				1,2,4,2,1,2,4,2,1,
				1,1,4,2,4,2,4,2,1,
				0,1,2,2,2,2,2,2,1,
				0,1,1,1,1,1,1,1,1
			],
			
			"allRow" : 7,  
			"allCol" : 9,
			"heroRow" : 5,
			"heroCol" : 4,
			"allBox" : 6
		},
		"30": {
			"content" : [
				0,0,1,1,1,1,1,1,1,1,1,1,
				1,1,1,2,2,2,3,2,2,2,2,1,
				1,2,2,2,1,1,4,1,1,2,2,1,
				1,2,2,4,3,2,3,2,3,4,1,1,
				1,1,2,4,1,1,4,1,1,2,1,0,
				0,1,2,2,2,2,3,2,2,2,1,0,
				0,1,1,1,1,1,1,1,1,1,1,0
			],
			
			"allRow" : 7,  
			"allCol" : 12,
			"heroRow" : 3,
			"heroCol" : 2,
			"allBox" : 5
		},
		"31": {
			"content" : [
				0,0,0,1,1,1,1,1,1,
				1,1,1,1,3,2,2,2,1,
				1,2,2,4,4,4,2,2,1,
				1,3,1,1,3,1,1,3,1,
				1,2,2,2,4,2,2,2,1,
				1,2,2,4,3,1,2,1,1,
				1,1,1,1,2,2,2,1,0,
				0,0,0,1,1,1,1,1,0
			],
			
			"allRow" : 8,  
			"allCol" : 9,
			"heroRow" : 1,
			"heroCol" : 7,
			"allBox" : 5
		},
		"32": {
			"content" : [
				0,1,1,1,1,1,1,0,
				0,1,3,2,3,3,1,0,
				0,1,3,2,4,3,1,0,
				1,1,1,2,2,4,1,1,
				1,2,4,2,2,4,2,1,
				1,2,1,4,1,1,2,1,
				1,2,2,2,2,2,2,1,
				1,1,1,1,1,1,1,1
			],
			
			"allRow" : 8,  
			"allCol" : 8,
			"heroRow" : 6,
			"heroCol" : 4,
			"allBox" : 5
		},
		"33": {
			"content" : [
				0,0,0,0,1,1,1,1,1,1,0,0,0,0,
				0,0,1,1,1,2,2,2,2,1,1,1,0,0,
				0,0,1,2,2,2,1,4,2,2,2,1,1,1,
				0,0,1,2,2,2,4,2,2,2,4,4,2,1,
				0,0,1,2,4,4,2,1,4,2,2,2,2,1,
				0,0,1,1,2,2,2,4,2,2,2,4,2,1,
				1,1,1,1,1,1,2,1,4,1,1,1,1,1,
				1,3,3,2,2,1,4,2,2,1,0,0,0,0,
				1,3,1,3,3,2,2,4,1,1,0,0,0,0,
				1,3,3,3,3,4,1,2,1,0,0,0,0,0,
				1,3,3,3,3,2,2,2,1,0,0,0,0,0,
				1,1,1,1,1,1,1,1,1,0,0,0,0,0
			],
			
			"allRow" : 12,  
			"allCol" : 14,
			"heroRow" : 7,
			"heroCol" : 3,
			"allBox" : 13
		},
		"34": {
			"content" : [
				1,1,1,1,1,1,1,1,1,1,1,1,1,1,1,
				1,2,2,2,2,2,2,1,2,2,2,2,2,2,1,
				1,2,4,2,1,4,2,1,2,4,1,1,4,2,1,
				1,2,1,2,2,4,2,1,2,2,2,2,2,2,1,
				1,2,2,2,1,1,4,1,4,1,1,4,4,2,1,
				1,2,1,2,1,2,3,3,3,2,1,2,2,2,1,
				1,2,4,2,2,3,2,1,2,3,4,2,1,2,1,
				1,2,4,1,2,4,3,3,3,1,2,1,2,2,1,
				1,2,2,2,2,3,2,1,2,3,2,2,4,2,1,
				1,2,1,1,3,4,1,1,1,4,3,2,1,2,1,
				1,2,1,2,4,3,3,3,3,3,2,1,1,2,1,
				1,2,2,2,2,2,2,2,2,2,2,2,2,2,1,
				1,1,1,1,1,1,1,1,1,1,1,1,1,1,1
			],
			
			"allRow" : 13,  
			"allCol" : 15,
			"heroRow" : 7,
			"heroCol" : 4,
			"allBox" : 17
		},
		"35": {
			"content" : [
				1,1,1,1,1,1,1,1,1,0,
				1,2,2,2,1,1,2,2,1,0,
				1,2,1,2,4,2,4,2,1,0,
				1,2,2,5,3,1,2,2,1,0,
				1,1,2,1,3,2,3,1,1,0,
				1,1,4,1,1,1,5,1,1,1,
				1,2,2,2,2,2,2,2,2,1,
				1,2,2,2,1,1,2,1,2,1,
				1,1,1,1,1,1,2,2,2,1,
				0,0,0,0,0,1,1,1,1,1
			],
			
			"allRow" : 10,  
			"allCol" : 10,
			"heroRow" : 4,
			"heroCol" : 5,
			"allBox" : 5
		},
		"36": {
			"content" : [
				1,1,1,1,1,1,1,1,0,0,0,0,0,0,0,
				1,2,2,2,2,2,2,1,0,0,0,0,0,0,0,
				1,2,4,4,2,2,2,1,1,1,0,0,0,0,0,
				1,2,2,4,2,4,4,4,2,1,1,1,1,1,0,
				1,1,2,1,1,2,3,3,3,2,2,2,2,1,1,
				0,1,2,1,2,1,3,3,3,1,1,1,4,2,1,
				0,1,2,1,2,4,3,3,3,2,2,2,2,2,1,
				1,1,2,1,2,4,3,3,3,4,2,1,2,1,1,
				1,2,2,1,1,1,1,1,2,1,1,1,2,1,0,
				1,2,2,2,2,2,2,4,2,2,2,4,2,1,0,
				1,1,1,1,1,1,1,1,1,1,1,2,2,1,0,
				0,0,0,0,0,0,0,0,0,0,1,1,1,1,0
			],
			
			"allRow" : 12,  
			"allCol" : 15,
			"heroRow" : 5,
			"heroCol" : 4,
			"allBox" : 12
		},
		"37": {
			"content" : [
				0,0,0,1,1,1,1,1,0,
				0,0,0,1,2,2,2,1,0,
				0,0,0,1,4,4,4,1,0,
				1,1,1,1,2,2,2,1,0,
				1,2,2,2,3,1,4,1,1,
				1,2,4,3,4,3,2,3,1,
				1,2,2,1,3,1,3,1,1,
				1,1,1,1,1,1,1,1,0
			],
			
			"allRow" : 8,  
			"allCol" : 9,
			"heroRow" : 1,
			"heroCol" : 5,
			"allBox" : 6
		},
		"38": {
			"content" : [
				1,1,1,1,1,1,1,1,1,1,1,1,
				1,3,3,3,2,1,2,2,2,2,2,1,
				1,3,3,2,2,1,2,1,1,2,2,1,
				1,3,3,2,2,2,2,2,1,2,2,1,
				1,3,3,2,2,1,2,4,1,1,2,1,
				1,3,3,3,2,1,4,2,4,2,2,1,
				1,1,1,1,1,1,2,2,4,4,2,1,
				0,1,1,2,2,4,2,4,4,2,2,1,
				0,1,2,2,4,4,4,2,2,1,2,1,
				0,1,1,2,4,2,1,1,2,2,2,1,
				0,0,1,2,2,2,2,2,2,2,2,1,
				0,0,1,1,1,1,1,1,1,1,1,1
			],
			
			"allRow" : 12,  
			"allCol" :12,
			"heroRow" : 8,
			"heroCol" : 2,
			"allBox" : 12
		},
		"39": {
			"content" : [
				1,1,1,1,1,1,1,1,1,0,0,
				1,2,2,2,2,2,2,2,1,0,0,
				1,2,2,4,2,4,2,4,1,0,0,
				1,1,2,1,4,1,1,2,1,0,0,
				0,1,2,3,3,2,3,3,1,1,0,
				0,1,1,3,3,2,3,3,2,1,0,
				0,0,1,2,1,1,4,1,2,1,1,
				0,0,1,4,2,4,2,4,2,2,1,
				0,0,1,2,2,2,2,2,2,2,1,
				0,0,1,1,1,1,1,1,1,1,1
			],
			
			"allRow" : 10,  
			"allCol" :11,
			"heroRow" : 8,
			"heroCol" : 9,
			"allBox" : 8
		},
		"40": {
			"content" : [
				1,1,1,1,1,0,0,0,0,0,0,1,1,1,1,
				1,2,2,2,1,1,1,1,1,1,1,1,2,2,1,
				1,1,2,4,2,2,2,2,2,2,2,4,2,2,1,
				0,1,2,1,2,1,2,2,1,1,1,1,2,2,1,
				0,1,2,2,4,2,2,2,1,1,1,1,4,1,1,
				0,1,4,2,1,1,2,1,2,4,2,4,2,1,0,
				1,1,2,4,2,2,4,1,2,2,2,2,2,1,0,
				1,2,2,2,1,2,2,2,2,2,2,1,2,1,0,
				1,2,2,2,1,1,1,1,1,4,1,1,1,1,0,
				1,1,1,1,1,2,2,2,1,2,2,2,1,0,0,
				0,0,0,0,1,3,3,3,2,2,4,2,1,0,0,
				0,0,0,0,1,3,3,3,3,1,2,2,1,0,0,
				0,0,0,0,1,3,3,3,3,1,1,1,1,0,0,
				0,0,0,0,1,1,1,1,1,1,0,0,0,0,0
			],
			
			"allRow" : 14,  
			"allCol" :15,
			"heroRow" : 1,
			"heroCol" : 1,
			"allBox" : 11
		},
		"41": {
			"content" : [
				0,0,0,0,0,1,1,1,1,1,
				0,1,1,1,1,1,2,2,2,1,
				0,1,2,3,3,2,4,1,2,1,
				0,1,2,1,3,5,2,2,2,1,
				1,1,2,5,3,1,4,2,1,1,
				1,2,4,2,2,4,2,2,1,0,
				1,2,2,2,1,1,2,2,1,0,
				1,1,1,1,1,1,1,1,1,0
			],
			
			"allRow" : 8,  
			"allCol" :10,
			"heroRow" : 6,
			"heroCol" : 7,
			"allBox" : 6
		},
		"42": {
			"content" : [
				1,1,1,1,1,0,1,1,1,1,1,1,1,
				1,2,2,2,1,1,1,2,2,1,2,2,1,
				1,2,4,2,2,2,2,2,4,2,2,2,1,
				1,1,2,1,4,1,1,3,1,1,2,2,1,
				0,1,2,2,3,3,3,5,3,2,4,2,1,
				0,1,2,4,1,2,1,3,1,2,1,2,1,
				0,1,1,2,2,2,2,4,2,2,2,2,1,
				0,0,1,2,2,1,1,1,1,1,1,1,1,
				0,0,1,1,1,1,0,0,0,0,0,0,0
			],
			
			"allRow" : 9,  
			"allCol" :13,
			"heroRow" : 2,
			"heroCol" : 10,
			"allBox" : 7
		},
		"43": {
			"content" : [
				0,0,0,0,0,0,0,0,0,1,1,1,0,0,0,
				0,0,0,0,1,1,1,1,1,1,2,1,1,0,0,
				0,0,0,0,1,3,3,3,3,1,4,2,1,1,0,
				0,0,0,0,1,3,3,3,3,1,2,4,2,1,0,
				0,0,0,0,1,3,3,3,3,2,4,2,2,1,0,
				0,0,0,0,1,2,3,3,3,1,2,2,2,1,0,
				1,1,1,1,1,1,2,1,1,1,1,1,2,1,1,
				1,2,4,2,4,2,2,2,4,2,2,1,2,2,1,
				1,2,2,2,2,4,4,2,2,2,4,2,4,2,1,
				1,1,1,2,4,2,4,2,4,2,2,1,1,1,1,
				0,0,1,1,2,2,2,4,2,4,2,1,0,0,0,
				0,0,0,1,2,2,1,1,1,1,1,1,0,0,0,
				0,0,0,1,1,1,1,0,0,0,0,0,0,0,0
			],
			
			"allRow" : 13,  
			"allCol" :15,
			"heroRow" : 1,
			"heroCol" : 10,
			"allBox" : 15
		},
		"44": {
			"content" : [
				0,0,0,1,1,1,1,1,0,0,0,
				0,1,1,1,2,2,2,1,1,1,0,
				1,1,2,2,2,4,2,4,2,1,0,
				1,2,2,1,1,2,1,1,2,1,1,
				1,2,4,3,1,3,4,2,2,2,1,
				1,2,1,3,1,5,1,2,2,2,1,
				1,2,4,3,3,3,2,2,1,1,1,
				1,1,1,4,1,2,1,1,1,0,0,
				0,0,1,2,2,2,1,0,0,0,0,
				0,0,1,1,1,1,1,0,0,0,0
			],
			
			"allRow" : 10,  
			"allCol" :11,
			"heroRow" : 2,
			"heroCol" : 4,
			"allBox" : 7
		},
		"45": {
			"content" : [
				0,0,0,0,0,0,1,1,1,1,0,0,0,0,0,
				0,0,0,0,0,0,1,2,2,1,1,1,1,1,1,
				0,0,0,0,0,0,1,2,2,2,2,1,2,2,1,
				0,0,0,0,0,0,1,2,4,4,2,2,2,2,1,
				1,1,1,1,1,1,1,4,1,2,2,1,2,2,1,
				1,2,2,1,3,2,3,3,2,1,1,1,4,1,1,
				1,2,2,1,3,1,5,3,4,2,2,2,2,2,1,
				1,2,2,1,3,1,3,5,1,2,1,2,2,2,1,
				1,2,4,4,3,3,3,3,1,2,1,1,1,1,1,
				1,2,2,4,2,1,2,1,1,2,1,0,0,0,0,
				1,2,4,4,4,1,2,2,2,2,1,0,0,0,0,
				1,2,2,2,2,1,1,1,1,1,1,0,0,0,0,
				1,1,1,1,1,1,0,0,0,0,0,0,0,0,0
			],
			
			"allRow" : 13,  
			"allCol" :15,
			"heroRow" : 9,
			"heroCol" : 2,
			"allBox" : 13
		},
		"46": {
			"content" : [
				1,1,1,1,0,0,0,0,0,0,0,0,0,0,0,
				1,2,2,1,1,1,0,0,0,0,0,0,0,0,0,
				1,2,4,2,2,1,1,1,0,0,0,0,0,0,0,
				1,2,4,2,4,2,2,1,1,1,0,0,0,0,0,
				1,2,4,2,4,2,4,2,2,2,1,1,0,0,0,
				1,2,4,2,4,2,4,2,2,2,2,1,0,0,0,
				1,2,4,2,4,2,2,1,2,2,2,1,1,0,0,
				1,2,4,2,2,1,1,2,4,4,4,2,1,0,0,
				1,2,2,1,1,1,1,2,2,2,2,2,1,1,0,
				1,1,2,1,2,1,3,4,4,4,4,4,3,1,0,
				0,1,2,1,1,1,3,3,3,3,3,3,3,1,1,
				0,1,2,2,2,3,5,5,5,5,5,5,5,3,1,
				0,1,1,1,1,3,3,3,3,3,3,3,3,3,1,
				0,0,0,0,1,1,1,1,1,1,1,1,1,1,1
			],
			
			"allRow" : 14,  
			"allCol" :15,
			"heroRow" : 8,
			"heroCol" : 1,
			"allBox" : 27
		},
		"47": {
			"content" : [
				1,1,1,1,1,1,1,0,0,0,0,
				1,2,2,1,2,2,1,1,1,1,1,
				1,2,4,4,2,2,4,2,2,2,1,
				1,2,2,1,3,1,1,4,1,2,1,
				1,1,4,1,3,3,3,2,2,2,1,
				1,1,2,3,3,3,1,1,4,1,1,
				1,2,2,1,1,3,1,1,2,2,1,
				1,2,2,4,2,2,4,2,2,2,1,
				1,2,2,1,2,2,2,1,2,2,1,
				1,1,1,1,1,1,1,1,1,1,1
			],
			
			"allRow" : 10,  
			"allCol" : 11,
			"heroRow" : 1,
			"heroCol" : 2,
			"allBox" : 8
		},
		"48": {
			"content" : [
				0,0,0,1,1,1,1,1,0,0,0,
				0,0,0,1,2,2,2,1,0,0,0,
				0,0,0,1,2,4,2,1,0,0,0,
				0,0,0,1,4,3,4,1,0,0,0,
				0,1,1,1,3,4,3,1,1,0,0,
				1,1,2,3,4,3,4,3,1,1,1,
				1,2,2,4,3,4,3,4,2,2,1,
				1,2,2,2,2,3,2,2,2,2,1,
				1,1,1,1,1,1,1,1,1,1,1
			],
			
			"allRow" : 9,  
			"allCol" : 11,
			"heroRow" : 1,
			"heroCol" : 5,
			"allBox" : 9
		},
		"49": {
			"content" : [
				1,1,1,1,1,1,1,1,1,1,1,1,1,
				1,2,2,4,2,4,2,4,3,5,3,3,1,
				1,2,4,2,4,2,4,2,5,3,3,3,1,
				1,2,2,4,2,4,2,4,3,5,3,3,1,
				1,2,4,2,4,2,4,2,5,3,3,3,1,
				1,2,2,4,2,4,2,4,3,5,3,3,1,
				1,2,4,2,4,2,4,2,5,3,3,3,1,
				1,2,2,4,2,4,2,4,3,5,3,3,1,
				1,2,4,2,4,2,4,2,5,3,3,3,1,
				1,2,2,4,2,4,2,4,3,5,3,3,1,
				1,2,4,2,4,2,4,2,5,3,3,3,1,
				1,1,1,1,1,1,1,1,1,1,1,1,1
			],
			
			"allRow" : 12,  
			"allCol" : 13,
			"heroRow" : 10,
			"heroCol" : 1,
			"allBox" : 40
		},
		"50": {
			"content" : [
				0,0,0,0,0,0,0,0,0,0,0,0,0,1,0,
				0,0,0,0,0,0,0,0,0,0,0,0,1,1,0,
				0,0,0,0,0,0,0,0,0,0,0,1,1,1,0,
				0,0,0,0,0,0,0,0,0,0,1,2,2,2,1,
				0,0,0,1,1,1,1,1,1,1,1,2,1,2,1,
				0,0,1,2,4,2,4,2,4,2,4,2,2,2,1,
				0,1,1,2,1,3,1,3,1,3,1,2,4,1,0,
				1,1,1,3,3,3,3,3,3,3,2,2,2,1,1,
				0,1,1,2,1,2,1,2,1,2,1,4,1,1,0,
				0,0,1,2,4,2,4,2,4,2,4,2,2,2,1,
				0,0,0,1,1,1,1,1,1,1,1,2,1,2,1,
				0,0,0,0,0,0,0,0,0,0,1,2,2,2,1,
				0,0,0,0,0,0,0,0,0,0,0,1,1,1,0,
				0,0,0,0,0,0,0,0,0,0,0,0,1,1,0
			],
			
			"allRow" : 14,  
			"allCol" : 15,
			"heroRow" : 6,
			"heroCol" : 11,
			"allBox" : 10
		},
		"51": {
			"content" : [
				1,1,1,1,1,1,1,0,0,
				1,2,2,3,4,2,1,1,1,
				1,2,3,4,3,4,2,2,1,
				1,5,4,3,4,3,2,2,1,
				1,2,3,4,3,4,2,1,1,
				1,2,2,3,4,2,2,1,0,
				1,1,1,1,1,1,1,1,0
			],
			
			"allRow" : 7,  
			"allCol" : 9,
			"heroRow" : 3,
			"heroCol" : 6,
			"allBox" : 9
		},
		"52": {
			"content" : [
				0,0,0,0,0,0,0,0,0,1,1,1,1,1,0,0,
				0,0,0,0,0,0,0,0,0,1,2,2,2,1,0,0,
				1,1,1,1,1,1,1,1,1,1,2,5,2,1,1,1,
				1,2,2,2,2,2,2,2,2,2,2,3,2,2,2,1,
				1,2,4,4,4,4,5,5,5,5,4,3,3,3,2,1,
				1,2,2,2,2,2,2,2,2,2,2,3,2,2,2,1,
				1,1,1,1,1,1,1,1,1,1,2,5,2,1,1,1,
				0,0,0,0,0,0,0,0,0,1,2,2,2,1,0,0,
				0,0,0,0,0,0,0,0,0,1,1,1,1,1,0,0
			],
			
			"allRow" : 9,  
			"allCol" : 16,
			"heroRow" : 4,
			"heroCol" : 14,
			"allBox" : 11
		},
		"53": {
			"content" : [
				0,0,0,0,0,1,1,1,1,0,0,0,0,
				1,1,1,1,1,1,2,2,1,1,1,1,1,
				1,2,4,2,2,2,2,4,2,2,4,2,1,
				1,4,1,1,1,2,4,2,1,2,1,2,1,
				1,2,2,1,2,2,1,2,4,2,2,2,1,
				1,2,4,1,2,2,2,2,1,2,1,1,1,
				1,2,2,4,2,1,4,1,2,2,2,1,0,
				1,3,3,3,3,3,3,3,3,3,2,1,0,
				1,1,1,1,1,1,1,1,2,2,2,1,0,
				0,0,0,0,0,0,0,1,1,1,1,1,0
			],
			
			"allRow" : 10,  
			"allCol" : 13,
			"heroRow" : 2,
			"heroCol" : 1,
			"allBox" : 9
		},
		"54": {
			"content" : [
				0,0,0,0,0,0,0,0,1,1,1,1,0,0,0,
				0,0,1,1,1,1,1,1,1,2,2,1,1,1,1,
				0,0,1,2,2,2,2,4,2,2,3,3,3,3,1,
				1,1,1,2,2,2,1,2,1,2,3,3,1,3,1,
				1,2,4,4,2,1,2,2,1,2,3,3,3,3,1,
				1,2,2,2,2,1,2,4,1,2,3,3,1,2,1,
				1,1,4,1,1,1,4,2,2,1,1,1,2,2,1,
				0,1,2,2,1,2,2,4,2,4,2,2,2,2,1,
				0,1,2,2,2,2,4,2,4,2,2,1,4,2,1,
				0,1,2,4,1,1,2,4,2,1,1,2,2,1,1,
				0,1,1,2,1,1,1,1,2,1,2,2,1,1,0,
				0,0,1,2,2,2,1,2,2,4,2,1,1,0,0,
				0,0,1,1,1,2,2,2,2,2,1,1,0,0,0,
				0,0,0,0,1,1,1,1,1,1,1,0,0,0,0
			],
			
			"allRow" : 14,  
			"allCol" : 15,
			"heroRow" : 10,
			"heroCol" : 11,
			"allBox" : 13
		},
		"55": {
			"content" : [
				1,1,1,1,1,1,1,1,1,1,1,
				1,2,2,2,2,1,2,2,2,2,1,
				1,2,4,2,4,4,4,4,4,2,1,
				1,2,2,2,2,2,2,2,2,2,1,
				1,1,1,1,1,2,1,1,1,1,1,
				0,0,0,1,3,2,2,1,0,0,0,
				0,0,0,1,3,2,2,1,0,0,0,
				0,0,0,1,3,3,3,1,0,0,0,
				0,0,0,1,3,2,2,1,0,0,0,
				0,0,0,1,1,1,1,1,0,0,0
			],
			
			"allRow" : 10,  
			"allCol" : 11,
			"heroRow" : 2,
			"heroCol" : 3,
			"allBox" : 6
		},
		"56": {
			"content" : [
				0,0,1,1,1,1,1,0,0,
				0,0,1,2,2,2,1,0,0,
				0,0,1,2,4,2,1,0,0,
				1,1,1,2,3,2,1,1,1,
				1,2,2,2,5,2,2,2,1,
				1,2,5,5,5,5,5,2,1,
				1,2,2,2,5,2,2,2,1,
				1,1,1,4,5,4,1,1,1,
				0,0,1,2,3,2,1,0,0,
				0,0,1,2,5,2,1,0,0,
				0,0,1,2,3,2,1,0,0,
				0,0,1,1,1,1,1,0,0
			],
			
			"allRow" : 12,  
			"allCol" : 9,
			"heroRow" : 1,
			"heroCol" : 4,
			"allBox" : 12
		},
		"57": {
			"content" : [
				1,1,1,1,1,1,1,1,1,1,1,1,1,1,
				1,3,2,2,2,2,2,2,2,2,2,2,2,1,
				1,3,4,2,4,2,4,2,4,2,4,2,2,1,
				1,3,1,1,1,1,1,1,1,1,1,2,2,1,
				1,3,1,3,5,2,4,2,3,3,4,5,1,1,
				1,3,1,2,4,2,4,2,5,3,4,2,1,0,
				1,3,1,3,2,2,4,2,3,3,4,4,1,0,
				1,3,1,1,1,1,1,1,1,1,1,3,1,0,
				1,3,2,2,2,2,2,2,2,2,2,2,1,0,
				1,3,1,4,1,4,1,4,1,4,1,4,1,0,
				1,3,2,2,2,2,2,2,2,2,2,2,1,0,
				1,1,1,1,1,1,1,1,1,1,1,1,1,0
			],
			
			"allRow" : 12,  
			"allCol" : 14,
			"heroRow" : 5,
			"heroCol" : 11,
			"allBox" : 21
		},
		"58": {
			"content" : [
				1,1,1,1,1,1,1,1,1,1,1,1,0,0,
				1,3,3,2,2,1,2,2,2,2,2,1,1,1,
				1,3,3,2,2,1,2,4,2,2,4,2,2,1,
				1,3,3,2,2,1,4,1,1,1,1,2,2,1,
				1,3,3,2,2,2,2,2,2,1,1,2,2,1,
				1,3,3,2,2,1,2,1,2,2,4,2,1,1,
				1,1,1,1,1,1,2,1,1,4,2,4,2,1,
				0,0,1,2,4,2,2,4,2,4,2,4,2,1,
				0,0,1,2,2,2,2,1,2,2,2,2,2,1,
				0,0,1,1,1,1,1,1,1,1,1,1,1,1
			],
			
			"allRow" : 11,  
			"allCol" : 14,
			"heroRow" : 4,
			"heroCol" : 7,
			"allBox" : 10
		},
		"59": {
			"content" : [
				0,0,0,0,0,0,0,1,1,1,1,0,0,0,
				1,1,1,1,1,1,1,1,2,2,1,1,1,1,
				1,2,2,2,1,1,3,3,3,3,3,2,2,1,
				1,2,2,4,2,2,1,1,3,3,3,1,2,1,
				1,1,2,2,4,2,2,1,1,1,2,1,2,1,
				0,1,2,1,2,4,2,2,1,2,2,2,2,1,
				0,1,2,2,1,2,4,2,2,1,2,2,2,1,
				0,1,2,2,2,1,2,4,2,2,1,2,2,1,
				0,1,2,2,2,2,1,2,4,2,1,2,1,1,
				0,1,1,1,1,2,2,1,2,4,2,2,1,0,
				0,0,0,0,1,1,2,2,1,2,4,2,1,0,
				0,0,0,0,0,1,1,2,1,2,2,2,1,0,
				0,0,0,0,0,0,1,1,1,1,1,1,1,0
			],
			
			"allRow" : 13,  
			"allCol" : 14,
			"heroRow" : 11,
			"heroCol" : 7,
			"allBox" : 8
		},
		"60": {
			"content" : [
				1,1,1,1,0,0,0,0,0,0,1,1,1,1,
				1,3,3,1,1,1,1,1,1,1,1,3,3,1,
				1,5,3,5,3,3,3,3,3,5,3,5,3,1,
				1,2,4,2,4,2,4,2,4,2,4,2,4,1,
				1,4,2,4,2,4,2,4,2,4,2,4,2,1,
				1,2,4,2,4,2,4,2,4,2,4,2,4,1,
				1,4,2,4,2,4,2,4,2,4,2,4,2,1,
				1,3,5,3,5,3,3,3,3,3,5,3,5,1,
				1,3,3,1,1,1,1,1,1,1,1,3,3,1,
				1,1,1,1,0,0,0,0,0,0,1,1,1,1
			],
			
			"allRow" : 10,  
			"allCol" : 14,
			"heroRow" : 4,
			"heroCol" : 6,
			"allBox" : 32
		},
		"61": {
			"content" : [
				0,0,0,0,1,1,1,1,1,0,0,0,
				0,0,0,1,1,2,2,2,1,1,1,1,
				0,0,0,1,2,3,3,5,2,4,2,1,
				1,1,1,1,2,1,3,1,2,2,2,1,
				1,2,2,2,2,3,5,3,1,2,1,1,
				1,2,1,4,1,1,4,1,1,2,1,0,
				1,2,2,2,2,2,4,2,4,2,1,0,
				1,1,2,2,1,2,2,2,1,1,1,0,
				0,1,1,1,1,1,1,1,1,0,0,0
			],
			
			"allRow" : 9,  
			"allCol" : 12,
			"heroRow" : 4,
			"heroCol" : 9,
			"allBox" : 7
		},
		"62": {
			"content" : [
				1,1,1,1,1,1,0,0,0,
				1,2,2,2,2,1,0,0,0,
				1,2,4,2,2,1,1,1,1,
				1,2,4,5,3,3,5,2,1,
				1,2,5,3,3,5,4,2,1,
				1,1,1,1,2,2,4,2,1,
				0,0,0,1,2,2,2,2,1,
				0,0,0,1,1,1,1,1,1
			],
			
			"allRow" : 8,  
			"allCol" : 9,
			"heroRow" : 6,
			"heroCol" : 5,
			"allBox" : 8
		},
		"63": {
			"content" : [
				0,0,0,1,1,1,1,1,0,
				1,1,1,1,3,2,2,1,1,
				1,2,4,3,4,3,2,2,1,
				1,2,4,1,2,1,4,2,1,
				1,2,4,3,2,3,2,2,1,
				1,1,1,1,4,1,4,2,1,
				0,0,1,3,2,3,2,2,1,
				0,0,1,1,1,1,1,1,1
			],
			
			"allRow" : 8,  
			"allCol" : 9,
			"heroRow" : 3,
			"heroCol" : 1,
			"allBox" : 7
		},
		"64": {
			"content" : [
				1,1,1,1,1,1,1,1,1,1,1,1,
				1,2,2,2,2,3,3,3,2,4,2,1,
				1,2,4,4,4,5,5,5,2,4,2,1,
				1,2,2,2,2,3,3,3,2,4,2,1,
				1,1,1,1,1,1,1,1,1,1,1,1
			],
			
			"allRow" : 5,  
			"allCol" : 12,
			"heroRow" : 2,
			"heroCol" : 10,
			"allBox" : 9
		},
		"65": {
			"content" : [
				1,1,1,1,1,1,1,1,1,1,
				1,1,2,2,2,2,2,2,2,1,
				1,2,2,2,1,4,1,4,2,1,
				1,2,4,4,2,2,3,4,3,1,
				1,2,2,1,1,1,3,3,3,1,
				1,1,1,1,1,1,1,1,1,1
			],
			
			"allRow" : 6,  
			"allCol" : 10,
			"heroRow" : 4,
			"heroCol" : 2,
			"allBox" : 5
		},
		"66": {
			"content" : [
				0,1,1,1,1,0,0,0,0,0,
				0,1,2,2,1,1,1,1,1,0,
				1,1,4,2,1,1,2,2,1,0,
				1,2,2,4,2,4,2,2,1,0,
				1,2,2,2,1,1,4,2,1,0,
				1,1,1,3,1,1,2,1,1,1,
				0,1,3,3,3,4,2,4,2,1,
				0,1,1,3,3,2,2,2,2,1,
				0,0,1,1,1,1,1,1,1,1
			],
			
			"allRow" : 9,  
			"allCol" : 10,
			"heroRow" : 3,
			"heroCol" : 4,
			"allBox" : 6
		},
		"67": {
			"content" : [
				1,1,1,1,1,0,1,1,1,1,0,0,0,0,0,0,
				1,3,3,3,1,0,1,2,2,1,1,1,1,0,0,0,
				1,3,3,3,1,1,1,2,2,4,2,2,1,0,0,0,
				1,3,3,3,3,1,1,2,4,2,2,4,1,1,1,0,
				1,1,3,3,3,3,1,1,2,2,2,4,2,2,1,0,
				1,1,1,3,3,3,2,1,1,2,4,2,4,2,1,0,
				1,2,1,1,2,2,2,2,1,2,2,4,2,2,1,0,
				1,2,2,1,1,2,1,2,1,1,1,2,1,1,1,1,
				1,2,4,2,1,2,1,4,2,2,4,2,2,2,2,1,
				1,2,2,4,2,2,2,4,2,2,2,2,4,2,2,1,
				1,2,2,2,1,2,4,2,4,4,2,4,2,1,1,1,
				1,2,2,1,1,1,1,1,1,2,2,1,1,1,0,0,
				1,2,1,1,0,0,0,0,1,1,1,1,0,0,0,0,
				1,1,1,0,0,0,0,0,0,0,0,0,0,0,0,0
			],
			
			"allRow" : 14,  
			"allCol" : 16,
			"heroRow" : 9,
			"heroCol" : 5,
			"allBox" : 17
		},
		"68": {
			"content" : [
				1,1,1,1,1,1,1,
				1,3,2,3,2,3,1,
				1,2,4,4,4,2,1,
				1,3,4,2,4,3,1,
				1,2,4,4,4,2,1,
				1,3,2,3,2,3,1,
				1,1,1,1,1,1,1
			],
			
			"allRow" : 7,  
			"allCol" : 7,
			"heroRow" : 3,
			"heroCol" : 3,
			"allBox" : 8
		},
		"69": {
			"content" : [
				0,0,0,0,0,0,1,1,1,1,0,
				1,1,1,1,1,1,1,2,2,1,0,
				1,2,2,2,2,2,4,2,2,1,0,
				1,2,2,2,4,1,1,2,4,1,0,
				1,1,4,1,3,3,3,1,2,1,0,
				0,1,2,4,3,3,3,2,2,1,0,
				0,1,2,1,3,2,3,1,2,1,1,
				0,1,2,2,2,1,2,1,4,2,1,
				0,1,4,2,2,4,2,2,2,2,1,
				0,1,2,2,1,1,1,1,1,1,1,
				0,1,1,1,1,0,0,0,0,0,0
			],
			
			"allRow" : 11,  
			"allCol" : 11,
			"heroRow" : 3,
			"heroCol" : 7,
			"allBox" : 8
		},
		"70": {
			"content" : [
				0,0,0,1,1,1,1,1,1,1,1,1,
				0,0,0,1,2,2,2,1,2,2,2,1,
				0,0,0,1,2,2,2,2,2,2,2,1,
				1,1,1,1,1,5,1,1,1,2,1,1,
				1,2,2,2,3,3,3,2,2,2,1,0,
				1,2,1,2,1,5,1,1,1,4,1,1,
				1,2,4,2,2,2,2,4,2,2,2,1,
				1,1,1,1,1,2,2,1,2,2,2,1,
				0,0,0,0,1,1,1,1,1,1,1,1
			],
			
			"allRow" : 9,  
			"allCol" : 12,
			"heroRow" : 7,
			"heroCol" : 5,
			"allBox" : 5
		},
		"71": {
			"content" : [
				1,1,1,1,1,0,0,0,0,0,0,0,0,0,0,0,
				1,3,3,3,1,0,1,1,1,1,1,0,0,0,0,0,
				1,3,3,3,1,1,1,2,2,2,1,0,0,0,0,0,
				1,3,3,3,3,2,2,2,4,4,1,1,1,1,1,0,
				1,3,3,3,3,2,2,1,2,2,1,2,2,2,1,1,
				1,3,3,1,4,1,1,1,1,2,1,4,1,2,2,1,
				1,1,2,4,2,2,1,2,2,2,2,2,4,4,2,1,
				1,2,2,4,1,2,2,2,4,2,4,4,1,2,2,1,
				1,2,4,2,4,2,4,2,1,2,2,2,4,2,1,1,
				1,2,2,2,1,2,2,4,2,1,1,2,2,2,1,0,
				1,1,1,1,1,1,2,2,2,1,1,1,1,1,1,0,
				0,0,0,0,0,1,1,1,1,1,0,0,0,0,0,0
			],
			
			"allRow" : 12,  
			"allCol" : 16,
			"heroRow" : 7,
			"heroCol" : 6,
			"allBox" : 16
		},
		"72": {
			"content" : [
				1,1,1,1,1,1,1,1,1,1,1,1,1,1,1,
				1,1,1,3,1,2,2,2,2,2,2,1,1,1,1,
				1,1,3,3,1,2,4,2,2,4,2,1,2,2,1,
				1,3,3,3,1,2,1,1,2,4,2,1,2,2,1,
				1,3,3,3,3,3,2,2,1,4,4,2,2,2,1,
				1,1,3,3,3,3,4,2,2,2,2,1,4,2,1,
				1,1,1,1,2,1,1,1,1,1,1,1,2,2,1,
				1,2,2,2,4,2,2,2,2,2,2,2,2,1,1,
				1,2,2,4,2,1,2,2,4,1,2,4,2,1,1,
				1,2,4,1,1,1,2,4,2,1,2,4,4,2,1,
				1,2,2,2,2,1,2,2,1,1,2,2,2,2,1,
				1,1,1,1,1,1,1,1,1,1,1,1,1,1,1
			],
			
			"allRow" : 12,  
			"allCol" : 15,
			"heroRow" : 10,
			"heroCol" : 4,
			"allBox" : 15
		},
		"73": {
			"content" : [
				0,0,0,0,0,0,0,1,1,1,1,1,1,1,1,
				0,0,0,0,0,0,0,1,2,2,1,2,2,2,1,
				0,1,1,1,1,1,1,1,2,4,4,3,3,3,1,
				0,1,2,2,2,2,2,2,2,2,1,3,3,3,1,
				0,1,2,1,1,1,1,1,1,4,1,3,3,3,1,
				1,1,2,1,2,2,2,2,2,2,1,3,3,3,1,
				1,2,2,1,2,1,4,2,4,2,1,1,1,1,1,
				1,2,1,2,4,2,4,2,4,2,1,0,0,0,0,
				1,2,2,2,2,4,2,1,2,2,1,0,0,0,0,
				1,1,1,1,1,4,2,4,4,2,1,0,0,0,0,
				0,0,0,0,1,2,2,2,2,2,1,0,0,0,0,
				0,0,0,0,1,1,1,1,1,1,1,0,0,0,0
			],
			
			"allRow" : 12,  
			"allCol" : 15,
			"heroRow" : 8,
			"heroCol" : 2,
			"allBox" : 12
		},
		"74": {
			"content" : [
				0,0,0,0,0,0,0,1,1,1,1,1,
				0,0,1,1,1,1,1,1,2,2,2,1,
				1,1,1,2,2,2,2,3,2,4,2,1,
				1,2,4,2,2,1,4,3,1,4,1,1,
				1,2,2,1,2,2,2,3,1,2,2,1,
				1,1,2,1,1,1,1,3,2,2,2,1,
				0,1,2,4,2,2,1,5,1,1,1,1,
				0,1,2,1,1,2,1,3,2,2,1,0,
				0,1,2,2,2,2,2,3,1,2,1,0,
				0,1,1,1,4,2,2,2,2,2,1,0,
				0,0,0,1,2,2,1,1,1,1,1,0,
				0,0,0,1,1,1,1,0,0,0,0,0
			],
			
			"allRow" : 12,  
			"allCol" : 12,
			"heroRow" : 4,
			"heroCol" : 6,
			"allBox" : 7
		},
		"75": {
			"content" : [
				0,0,0,0,1,1,1,1,0,0,0,0,
				1,1,1,1,1,2,2,1,1,1,1,1,
				1,2,2,2,2,4,2,2,2,4,2,1,
				1,2,2,4,1,4,1,1,2,2,2,1,
				1,1,1,2,1,3,5,3,2,1,1,1,
				0,0,1,2,3,3,3,2,2,1,0,0,
				0,0,1,1,2,1,4,1,1,1,0,0,
				0,0,0,1,2,2,2,1,0,0,0,0,
				0,0,0,1,1,1,1,1,0,0,0,0
			],
			
			"allRow" : 9,  
			"allCol" : 12,
			"heroRow" : 5,
			"heroCol" : 8,
			"allBox" : 6
		},
		"76": {
			"content" : [
				0,0,0,1,1,1,1,1,1,1,1,
				1,1,1,1,2,2,2,2,3,2,1,
				1,2,2,4,2,4,2,4,3,2,1,
				1,2,2,3,1,1,1,1,3,1,1,
				1,2,4,3,4,2,4,2,2,1,0,
				1,2,2,3,2,2,1,1,1,1,0,
				1,1,1,1,1,1,1,0,0,0,0
			],
			
			"allRow" : 7,  
			"allCol" : 11,
			"heroRow" : 4,
			"heroCol" : 8,
			"allBox" : 6
		},
		"77": {
			"content" : [
				0,0,1,1,1,1,1,0,0,0,0,
				0,0,1,2,2,2,1,0,0,0,0,
				1,1,1,4,3,4,1,1,1,1,1,
				1,2,2,2,3,2,4,2,2,2,1,
				1,2,1,1,4,1,1,2,2,2,1,
				1,2,2,2,3,2,1,1,1,1,1,
				1,1,1,2,3,2,1,0,0,0,0,
				0,0,1,2,2,2,1,0,0,0,0,
				0,0,1,1,1,1,1,0,0,0,0
			],
			
			"allRow" : 9,  
			"allCol" : 11,
			"heroRow" : 4,
			"heroCol" : 8,
			"allBox" : 4
		},
		"78": {
			"content" : [
				0,1,1,1,1,1,0,0,0,0,0,
				0,1,2,2,2,1,1,1,1,1,1,
				0,1,2,1,3,3,5,2,2,2,1,
				0,1,2,3,3,3,1,2,2,2,1,
				1,1,4,1,1,2,4,2,4,2,1,
				1,2,2,2,1,4,1,1,1,1,1,
				1,2,2,2,4,2,2,2,1,0,0,
				1,1,1,1,1,2,1,2,1,0,0,
				0,0,0,0,1,2,2,2,1,0,0,
				0,0,0,0,1,1,1,1,1,0,0
			],
			
			"allRow" : 10,  
			"allCol" : 11,
			"heroRow" : 1,
			"heroCol" : 3,
			"allBox" : 6
		},
		"79": {
			"content" : [
				0,0,0,0,0,1,1,1,1,1,1,0,0,0,
				0,0,0,1,1,1,2,2,2,2,1,1,0,0,
				0,0,0,1,2,2,2,1,1,2,2,1,0,0,
				0,1,1,1,4,1,1,2,2,1,2,1,0,0,
				1,1,2,2,2,2,2,3,3,1,2,1,0,0,
				1,2,2,4,1,4,1,5,3,1,2,1,0,0,
				1,2,4,4,2,2,1,3,5,1,2,1,1,1,
				1,2,2,4,4,2,1,3,3,1,2,2,2,1,
				1,1,2,2,2,2,1,3,3,4,2,2,2,1,
				0,1,1,1,4,1,1,3,2,1,2,1,1,1,
				0,0,0,1,2,2,1,1,1,2,2,1,0,0,
				0,0,0,1,1,2,2,2,2,2,1,1,0,0,
				0,0,0,0,1,1,1,1,1,1,1,0,0,0
			],
			
			"allRow" : 13,  
			"allCol" : 14,
			"heroRow" : 6,
			"heroCol" : 4,
			"allBox" : 11
		},
		"80": {
			"content" : [
				0,0,0,0,0,1,1,1,1,1,1,1,0,
				0,0,0,0,0,1,2,2,1,2,2,1,0,
				0,0,0,0,0,1,2,2,4,4,2,1,0,
				1,1,1,1,1,1,2,4,1,2,2,1,0,
				1,3,3,3,1,1,1,2,1,2,2,1,1,
				1,3,2,2,1,2,2,4,2,1,2,2,1,
				1,3,2,2,2,2,4,2,4,2,4,2,1,
				1,3,2,2,1,2,2,4,2,1,2,2,1,
				1,3,3,3,1,1,1,2,1,2,2,1,1,
				1,1,1,1,1,1,2,4,2,2,2,1,0,
				0,0,0,0,0,1,2,2,1,2,2,1,0,
				0,0,0,0,0,1,1,1,1,1,1,1,0
			],
			
			"allRow" : 12,  
			"allCol" : 13,
			"heroRow" : 10,
			"heroCol" : 6,
			"allBox" : 9
		},
		"81": {
			"content" : [
				0,0,0,0,0,0,0,0,0,0,1,1,1,1,1,1,
				0,0,0,0,0,0,0,0,0,0,1,2,2,2,2,1,
				1,1,1,1,1,0,0,0,1,1,1,2,1,1,2,1,
				1,3,3,2,1,1,1,1,1,2,4,2,2,1,2,1,
				1,3,3,2,2,2,2,2,4,2,2,2,4,1,2,1,
				1,3,3,2,2,1,1,2,1,1,2,2,2,1,2,1,
				1,3,3,2,1,1,2,4,2,1,4,2,4,1,2,1,
				1,3,3,2,1,2,2,2,2,2,4,2,2,1,2,1,
				1,3,3,2,1,2,2,4,2,1,1,1,4,2,2,1,
				1,3,3,2,1,2,4,2,4,2,2,4,2,1,1,1,
				1,1,1,2,1,1,2,1,2,4,2,2,2,2,1,0,
				0,0,1,2,2,2,2,1,2,1,1,2,4,2,1,0,
				0,0,1,1,1,1,1,1,1,1,1,2,2,1,1,0,
				0,0,0,0,0,0,0,0,0,0,1,1,1,1,0,0
			],
			
			"allRow" : 14,  
			"allCol" : 16,
			"heroRow" : 11,
			"heroCol" : 8,
			"allBox" : 14
		},
		"82": {
			"content" : [
				0,0,0,0,0,0,0,1,0,0,0,0,0,0,0,
				0,0,0,0,0,1,1,1,1,1,0,0,0,0,0,
				0,0,0,1,1,1,2,2,2,1,1,1,0,0,0,
				0,0,0,1,2,2,4,2,4,2,2,1,0,0,0,
				0,0,0,1,2,5,3,5,3,5,2,1,0,0,0,
				0,0,1,1,2,3,4,2,4,3,2,1,1,0,0,
				0,1,1,1,2,5,3,5,3,5,2,1,1,1,0,
				1,1,1,1,2,2,4,2,4,2,2,1,1,1,1,
				0,0,0,1,1,1,1,1,1,2,2,1,0,0,0,
				0,0,0,0,1,1,0,0,0,1,1,0,0,0,0
			],
			
			"allRow" : 10,  
			"allCol" : 15,
			"heroRow" : 2,
			"heroCol" : 7,
			"allBox" : 12
		},
		"83": {
			"content" : [
				0,1,1,1,1,1,1,1,1,1,1,1,1,1,1,0,
				0,1,2,2,2,5,2,5,2,5,2,1,2,2,1,1,
				0,1,4,1,2,2,5,2,5,2,2,1,2,2,2,1,
				0,1,2,1,2,5,2,5,2,5,2,2,2,2,2,1,
				0,1,2,1,2,2,5,2,5,2,2,1,1,2,1,1,
				0,1,2,1,2,5,2,5,2,5,2,1,1,2,1,0,
				0,1,2,1,2,2,5,2,5,2,2,1,1,2,1,0,
				0,1,2,1,2,5,2,5,2,5,2,1,1,2,1,0,
				0,1,2,1,2,2,5,2,5,2,2,1,1,2,1,0,
				0,1,2,1,2,5,2,3,2,5,2,1,1,2,1,1,
				1,1,2,1,1,1,1,1,1,1,1,1,1,2,2,1,
				1,2,2,2,2,2,2,2,2,2,2,2,2,2,2,1,
				1,2,2,2,1,1,1,1,1,1,1,1,1,2,2,1,
				1,1,1,1,1,0,0,0,0,0,0,0,1,1,1,1
			],
			
			"allRow" : 14,  
			"allCol" : 16,
			"heroRow" : 1,
			"heroCol" : 3,
			"allBox" : 23
		},
		"84": {
			"content" : [
				0,1,1,1,1,1,1,1,1,1,1,1,1,1,0,
				0,1,2,2,2,2,1,2,2,1,1,2,2,1,0,
				0,1,4,4,4,2,1,2,4,4,2,2,4,1,1,
				0,1,2,4,2,2,1,2,2,3,3,3,3,2,1,
				0,1,2,2,4,2,2,1,4,3,1,1,3,2,1,
				0,1,2,2,1,2,4,1,2,3,3,3,3,1,1,
				1,1,4,2,4,2,2,1,4,3,1,1,3,2,1,
				1,2,4,2,2,4,2,2,4,3,3,3,3,2,1,
				1,2,2,2,1,1,1,2,2,1,1,1,1,1,1,
				1,1,1,1,1,0,1,1,1,1,0,0,0,0,0
			],
			
			"allRow" : 10,  
			"allCol" : 15,
			"heroRow" : 7,
			"heroCol" : 7,
			"allBox" : 16
		},
		"85": {
			"content" : [
				0,0,0,0,0,1,1,1,1,1,1,1,1,1,
				0,0,0,0,0,1,2,2,2,2,2,2,2,1,
				0,0,0,0,0,1,2,2,4,1,4,1,2,1,
				0,1,1,1,1,1,1,2,2,1,2,4,2,1,
				0,1,2,2,2,1,2,4,2,2,4,2,2,1,
				1,1,2,4,2,2,2,2,2,1,1,1,2,1,
				1,2,2,2,1,4,1,1,1,1,2,2,2,1,
				1,2,2,2,2,4,2,1,1,1,2,1,1,1,
				1,1,1,1,1,3,3,2,2,1,2,1,1,0,
				0,0,0,1,3,3,3,4,2,4,4,2,1,0,
				0,0,0,1,3,3,3,1,2,2,2,2,1,0,
				0,0,0,1,3,3,3,1,1,1,1,1,1,0,
				0,0,0,1,1,1,1,1,0,0,0,0,0,0
			],
			
			"allRow" : 13,  
			"allCol" : 14,
			"heroRow" : 8,
			"heroCol" : 8,
			"allBox" : 11
		},
		"86": {
			"content" : [
				1,1,1,1,0,0,0,0,0,1,1,1,1,0,0,0,
				1,2,2,1,1,1,1,1,1,1,3,3,1,1,1,0,
				1,2,4,2,4,2,4,2,2,1,3,3,3,3,1,0,
				1,2,4,2,2,2,4,4,2,1,5,5,5,3,1,0,
				1,2,4,2,4,2,4,2,2,1,3,3,5,3,1,0,
				1,2,2,4,2,4,2,4,2,1,5,3,5,3,1,0,
				1,1,2,4,2,4,2,4,2,3,5,3,5,3,1,1,
				1,2,2,4,2,4,2,4,2,3,5,3,5,3,2,1,
				1,2,2,4,2,4,2,4,2,1,5,3,5,3,1,1,
				1,2,4,2,4,2,4,2,2,1,3,3,5,3,1,0,
				1,2,4,2,2,2,4,4,2,1,5,5,5,3,1,0,
				1,2,4,2,4,2,4,2,2,1,3,3,3,3,1,0,
				1,2,2,1,1,1,1,1,1,1,3,3,1,1,1,0,
				1,1,1,1,0,0,0,0,0,1,1,1,1,0,0,0
			],
			
			"allRow" : 14,  
			"allCol" : 16,
			"heroRow" : 7,
			"heroCol" : 14,
			"allBox" : 46
		},
		"87": {
			"content" : [
				0,0,0,0,0,0,1,1,1,1,1,0,0,0,0,0,
				1,1,1,1,1,1,1,2,2,2,1,0,0,0,0,0,
				1,2,2,2,1,1,3,2,2,2,1,0,0,0,0,0,
				1,2,2,4,1,3,3,2,2,1,1,1,0,0,0,0,
				1,1,2,2,3,3,3,1,4,4,2,1,1,1,1,1,
				0,1,2,4,3,1,3,4,2,2,2,2,2,2,2,1,
				0,1,2,4,1,1,1,4,1,1,2,1,2,4,2,1,
				0,1,2,2,2,1,2,2,2,2,2,4,4,1,2,1,
				0,1,1,4,4,1,2,1,1,4,1,4,2,2,2,1,
				0,1,3,3,3,2,4,2,2,4,2,2,2,1,1,1,
				0,1,3,3,3,1,4,1,2,2,2,1,1,1,0,0,
				0,1,3,3,3,2,2,1,1,1,1,1,0,0,0,0,
				0,1,1,1,1,1,1,1,0,0,0,0,0,0,0,0
			],
			
			"allRow" : 13,  
			"allCol" : 16,
			"heroRow" : 9,
			"heroCol" : 7,
			"allBox" : 17
		},
		"88": {
			"content" : [
				0,1,1,1,1,0,0,1,1,1,1,1,1,
				0,1,2,2,1,1,1,1,2,2,2,2,1,
				1,1,5,2,2,2,5,2,5,5,2,2,1,
				1,2,4,2,5,2,2,2,2,5,1,2,1,
				1,2,3,2,2,2,1,1,1,2,2,2,1,
				1,1,1,1,1,1,2,2,2,1,2,1,1,
				1,2,5,2,3,2,5,2,2,5,5,2,1,
				1,2,2,2,1,2,2,2,1,2,2,2,1,
				1,1,5,2,2,2,5,2,1,4,1,2,1,
				0,1,2,2,1,1,1,1,1,2,2,2,1,
				0,1,1,1,1,0,0,0,1,1,1,1,1
			],
			
			"allRow" : 11,  
			"allCol" : 13,
			"heroRow" : 5,
			"heroCol" : 10,
			"allBox" : 14
		},
		"89": {
			"content" : [
				0,1,1,1,1,1,1,1,1,1,0,
				0,1,2,2,2,1,2,2,2,1,0,
				0,1,2,4,4,4,4,4,2,1,0,
				1,1,2,4,2,4,2,4,2,1,0,
				1,2,4,2,2,2,2,2,2,1,0,
				1,2,4,2,1,1,1,1,2,1,1,
				1,2,2,1,3,3,3,3,3,2,1,
				1,1,2,2,3,3,3,3,3,2,1,
				0,1,1,1,1,1,1,1,1,1,1
			],
			
			"allRow" : 9,  
			"allCol" : 11,
			"heroRow" : 4,
			"heroCol" : 5,
			"allBox" : 10
		},
		"90": {
			"content" : [
				0,0,0,1,1,1,1,1,1,1,0,0,0,0,0,
				0,0,0,1,2,2,2,2,2,1,0,0,0,0,0,
				0,0,0,1,2,4,2,4,2,1,1,0,0,0,0,
				0,0,0,1,1,1,1,1,3,3,1,1,1,1,1,
				1,1,1,1,1,1,3,3,5,3,2,2,4,2,1,
				1,2,2,4,2,4,3,3,3,3,1,4,4,2,1,
				1,2,2,2,4,2,1,4,1,1,1,2,2,2,1,
				1,1,1,1,1,2,2,2,2,2,2,2,1,1,1,
				0,0,0,0,1,1,1,2,2,1,1,1,1,0,0,
				0,0,0,0,0,0,1,2,2,1,0,0,0,0,0,
				0,0,0,0,0,0,1,1,1,1,0,0,0,0,0
			],
			
			"allRow" : 11,  
			"allCol" : 15,
			"heroRow" : 5,
			"heroCol" : 4,
			"allBox" : 10
		},
		"91": {
			"content" : [
				1,1,1,1,1,0,0,0,0,0,
				1,2,2,2,1,1,1,1,1,1,
				1,2,4,2,3,3,2,4,2,1,
				1,1,4,2,3,3,4,4,2,1,
				0,1,2,2,3,3,2,4,2,1,
				0,1,1,1,1,1,1,1,1,1
			],
			
			"allRow" : 6,  
			"allCol" : 10,
			"heroRow" : 3,
			"heroCol" : 8,
			"allBox" : 6
		},
		"92": {
			"content" : [
				0,0,1,1,1,1,1,0,0,0,0,0,
				0,0,1,2,2,2,1,1,1,1,1,1,
				1,1,1,4,1,3,2,2,2,2,2,1,
				1,2,4,2,3,3,3,1,2,4,2,1,
				1,2,2,4,3,1,5,4,2,2,2,1,
				1,1,1,1,2,2,2,2,1,1,1,1,
				0,0,0,1,1,1,1,1,1,0,0,0
			],
			
			"allRow" : 7,  
			"allCol" : 12,
			"heroRow" : 4,
			"heroCol" : 1,
			"allBox" : 6
		},
		"93": {
			"content" : [
				0,0,0,0,1,1,1,1,1,0,0,0,0,0,0,
				1,1,1,1,1,2,2,2,1,0,0,0,0,0,0,
				1,2,2,2,4,2,2,2,1,0,0,0,0,0,0,
				1,2,2,4,2,1,3,1,1,1,1,1,0,0,0,
				1,1,4,2,1,1,3,1,1,2,2,1,1,1,1,
				0,1,2,2,3,3,3,3,3,2,4,1,2,2,1,
				0,1,2,4,1,1,3,1,1,2,2,1,4,2,1,
				0,1,2,2,2,1,3,1,1,2,2,2,2,2,1,
				0,1,1,1,2,4,2,1,1,1,1,1,2,1,1,
				0,0,0,1,2,1,4,2,2,2,2,2,4,2,1,
				0,0,0,1,2,2,2,2,1,1,1,2,2,2,1,
				0,0,0,1,1,1,1,1,1,0,1,1,1,1,1
			],
			
			"allRow" : 12,  
			"allCol" : 15,
			"heroRow" : 2,
			"heroCol" : 6,
			"allBox" : 9
		},
		"94": {
			"content" : [
				1,1,1,1,1,1,1,
				1,2,2,5,2,2,1,
				1,2,2,3,4,2,1,
				1,2,4,3,2,2,1,
				1,5,3,5,5,5,1,
				1,2,2,5,2,2,1,
				1,2,4,5,4,2,1,
				1,2,2,3,2,2,1,
				1,1,1,1,1,1,1
			],
			
			"allRow" : 9,  
			"allCol" : 7,
			"heroRow" : 2,
			"heroCol" : 2,
			"allBox" : 11
		},
		"95": {
			"content" : [
				0,0,1,1,1,1,1,1,1,1,1,0,0,0,0,0,
				0,0,1,2,2,2,2,1,2,2,1,0,0,0,0,0,
				1,1,1,2,1,4,2,2,4,2,1,1,1,1,0,0,
				1,2,2,4,2,2,1,1,3,3,1,2,2,1,1,1,
				1,2,1,2,2,4,2,1,3,3,4,2,4,2,2,1,
				1,2,4,4,2,2,4,1,3,3,2,2,1,2,2,1,
				1,1,2,2,1,2,2,3,3,3,1,4,2,2,2,1,
				0,1,4,2,2,2,1,3,3,3,1,2,4,2,2,1,
				0,1,2,2,2,2,1,3,3,3,4,2,2,2,1,1,
				0,1,2,1,1,4,2,1,1,1,2,2,2,1,1,0,
				0,1,2,2,2,4,2,2,2,2,2,1,1,1,0,0,
				0,1,2,2,1,1,1,1,1,1,1,1,0,0,0,0,
				0,1,1,1,1,0,0,0,0,0,0,0,0,0,0,0
			],
			
			"allRow" : 13,  
			"allCol" : 16,
			"heroRow" : 7,
			"heroCol" : 4,
			"allBox" : 15
		},
		"96": {
			"content" : [
				0,0,0,1,1,1,1,1,1,1,1,1,1,0,
				1,1,1,1,3,3,3,3,3,3,2,2,1,0,
				1,2,2,2,3,3,3,3,3,1,2,2,1,0,
				1,2,2,1,3,3,3,3,3,3,2,1,1,0,
				1,1,2,1,1,1,1,4,1,1,4,1,0,0,
				1,2,4,2,2,4,2,4,2,2,2,1,1,1,
				1,2,4,4,2,2,2,2,1,1,2,2,2,1,
				1,2,1,2,2,4,4,1,1,2,2,1,2,1,
				1,2,2,2,4,2,2,1,2,4,4,2,2,1,
				1,2,2,4,2,2,4,2,2,2,1,4,2,1,
				1,1,1,1,2,2,2,1,2,4,2,4,2,1,
				0,0,0,1,2,2,2,1,2,2,2,2,2,1,
				0,0,0,1,1,1,1,1,1,1,1,1,1,1
			],
			
			"allRow" : 13,  
			"allCol" : 14,
			"heroRow" : 5,
			"heroCol" : 1,
			"allBox" : 17
		},
		"97": {
			"content" : [
				0,0,0,0,0,0,1,1,1,1,1,1,1,1,1,
				0,0,0,0,0,0,1,2,2,2,2,2,2,2,1,
				0,0,0,0,0,0,1,4,2,4,4,4,2,2,1,
				0,0,0,0,0,0,1,2,2,2,1,2,4,2,1,
				0,0,0,0,0,0,1,2,2,2,4,2,4,2,1,
				0,0,0,0,1,1,1,4,2,4,2,1,2,1,1,
				0,0,0,0,1,2,2,2,4,1,4,1,2,1,0,
				1,1,1,1,1,2,1,2,2,1,2,2,2,1,0,
				1,3,3,3,2,2,1,2,4,1,2,1,1,1,0,
				1,3,3,3,3,3,2,2,2,1,2,1,0,0,0,
				1,3,3,3,3,3,1,2,4,1,2,1,0,0,0,
				1,1,1,1,1,1,1,1,2,2,2,1,0,0,0,
				0,0,0,0,0,0,0,1,1,1,1,1,0,0,0
			],
			
			"allRow" : 13,  
			"allCol" : 15,
			"heroRow" : 4,
			"heroCol" : 11,
			"allBox" : 13
		},
		"98": {
			"content" : [
				0,1,1,1,1,1,0,1,1,1,1,1,1,0,
				0,1,2,2,2,1,1,1,2,2,2,2,1,0,
				1,1,2,4,2,4,2,1,4,2,1,4,1,0,
				1,2,2,4,2,2,2,4,2,2,4,2,1,1,
				1,2,1,2,2,1,1,2,1,3,3,3,3,1,
				1,2,2,1,1,2,4,2,1,3,1,1,3,1,
				1,1,2,2,4,2,2,2,2,3,3,3,3,1,
				0,1,2,4,4,2,1,4,1,3,3,3,3,1,
				0,1,2,2,2,1,2,2,2,1,4,2,1,1,
				0,1,1,1,1,1,2,4,2,2,2,2,1,0,
				0,0,0,0,0,1,1,1,1,2,2,1,1,0,
				0,0,0,0,0,0,0,0,1,1,1,1,0,0
			],
			
			"allRow" : 12,  
			"allCol" : 14,
			"heroRow" : 3,
			"heroCol" : 5,
			"allBox" : 14
		},
		"99": {
			"content" : [
				1,1,1,1,0,0,0,0,0,0,0,0,0,0,0,
				1,2,2,1,0,0,0,0,0,0,0,0,0,0,0,
				1,2,2,1,1,1,1,1,1,1,1,1,1,0,0,
				1,2,2,2,2,1,1,2,2,2,2,2,1,0,0,
				1,3,3,1,2,2,2,2,4,4,1,2,1,0,0,
				1,3,3,2,2,1,1,2,2,2,4,2,1,1,1,
				1,3,3,1,2,2,1,1,4,1,2,4,2,2,1,
				1,3,3,2,2,2,1,2,2,4,2,4,2,2,1,
				1,3,3,1,2,2,1,2,4,2,4,2,2,2,1,
				1,2,3,2,2,2,1,2,4,2,4,2,1,1,1,
				1,2,2,1,2,2,1,2,2,2,1,1,1,0,0,
				1,2,2,1,2,2,2,2,1,1,1,0,0,0,0,
				1,1,1,1,1,1,1,1,1,0,0,0,0,0,0
			],
			
			"allRow" : 13,  
			"allCol" : 15,
			"heroRow" : 7,
			"heroCol" : 8,
			"allBox" : 11
		},
		"100": {
			"content" : [
				0,0,0,0,0,0,0,0,0,1,1,1,1,1,0,0,
				0,0,0,0,0,0,0,0,1,2,2,2,2,2,1,0,
				0,0,0,0,0,0,0,1,2,2,4,1,1,2,2,1,
				0,0,0,0,0,0,1,2,2,1,2,2,2,4,2,1,
				1,0,0,1,0,0,1,2,1,2,2,1,2,1,2,1,
				0,1,0,1,0,0,1,2,4,2,4,2,2,4,2,1,
				0,0,1,1,1,1,1,1,1,2,1,4,1,2,2,1,
				0,0,1,2,2,4,2,4,2,2,2,2,2,2,1,0,
				0,0,1,2,3,3,4,2,5,5,3,1,1,1,0,0,
				0,0,0,1,3,3,3,3,3,3,1,1,1,1,1,0,
				0,0,0,0,1,1,1,1,1,1,1,1,1,1,1,1
			],
			
			"allRow" : 11,  
			"allCol" : 16,
			"heroRow" : 8,
			"heroCol" : 3,
			"allBox" : 11
		}
	},

	"levelCount" : 100
}
